{
  "healthy": {
    "precision": 0.0,
    "recall": 0.0,
    "f1-score": 0.0,
    "support": 30.0
  },
  "leaf_blight": {
    "precision": 0.0,
    "recall": 0.0,
    "f1-score": 0.0,
    "support": 40.0
  },
  "leaf_spot": {
    "precision": 0.3333333333333333,
    "recall": 1.0,
    "f1-score": 0.5,
    "support": 50.0
  },
  "nutrient_deficiency": {
    "precision": 0.0,
    "recall": 0.0,
    "f1-score": 0.0,
    "support": 30.0
  },
  "accuracy": 0.3333333333333333,
  "macro avg": {
    "precision": 0.08333333333333333,
    "recall": 0.25,
    "f1-score": 0.125,
    "support": 150.0
  },
  "weighted avg": {
    "precision": 0.11111111111111109,
    "recall": 0.3333333333333333,
    "f1-score": 0.16666666666666666,
    "support": 150.0
  }
}